[{
	"type": "Microsoft.SecurityInsights/dataConnectors",
	"apiVersion": "2022-10-01-preview",
	"name": "CiscoMerakiAPIRequest",
	"kind": "RestApiPoller",
	"properties": {
		"connectorDefinitionName": "CiscoMerakiMultiRule",
		"dataType": "ASimWebSessionLogs",
		"dcrConfig": {
			"streamName": "Custom-CiscoMeraki_API",
			"dataCollectionEndpoint": "{{dataCollectionEndpoint}}",
			"dataCollectionRuleImmutableId": "{{dataCollectionRuleImmutableId}}"
		},
		"auth": {
			"type": "APIKey",
			"ApiKey": "{{apiKey}}",
      "ApiKeyName": "X-Cisco-Meraki-API-Key"
		},
		"request": {
			"apiEndpoint": "https://api.meraki.com/api/v1/organizations/{{organization}}/apiRequests",
			"httpMethod": "GET",
			"queryParameters": {
				"perPage": 1000
			},
			"queryWindowInMin": 5,
			"queryTimeFormat": "UnixTimestamp",
			"startTimeAttributeName": "t0",
			"endTimeAttributeName": "t1",
			"rateLimitQps": 2,
			"retryCount": 3,
			"timeoutInSeconds": 60,
			"headers": {
				"Accept": "application/json",
        "User-Agent": "Scuba-Microsoft"
			}
		},
		"paging": {
			"pagingType": "LinkHeader",
      "linkHeaderRelLinkName":"rel=next"
		},
		"response": {
			"eventsJsonPaths": ["$"]
		}
	}
},
{
	"type": "Microsoft.SecurityInsights/dataConnectors",
	"apiVersion": "2022-10-01-preview",
	"name": "CiscoMerakiConfigRequest",
	"kind": "RestApiPoller",
	"properties": {
		"connectorDefinitionName": "CiscoMerakiMultiRule",
		"dataType": "ASimAuditEventLogs",
		"dcrConfig": {
			"streamName": "Custom-CiscoMeraki_Configuration",
			"dataCollectionEndpoint": "{{dataCollectionEndpoint}}",
			"dataCollectionRuleImmutableId": "{{dataCollectionRuleImmutableId}}"
		},
		"auth": {
			"type": "APIKey",
			"ApiKey": "{{apiKey}}",
      "ApiKeyName": "X-Cisco-Meraki-API-Key"
		},
		"request": {
			"apiEndpoint": "https://api.meraki.com/api/v1/organizations/{{organization}}/configurationChanges",
			"httpMethod": "GET",
			"queryParameters": {
				"perPage": 1000
			},
			"queryWindowInMin": 5,
			"queryTimeFormat": "UnixTimestamp",
			"startTimeAttributeName": "t0",
			"endTimeAttributeName": "t1",
			"rateLimitQps": 2,
			"retryCount": 3,
			"timeoutInSeconds": 60,
			"headers": {
				"Accept": "application/json",
        "User-Agent": "Scuba-Microsoft"
			}
		},
		"paging": {
			"pagingType": "LinkHeader",
      "linkHeaderRelLinkName":"rel=prev"
		},
		"response": {
			"eventsJsonPaths": ["$"]
		}
	}
},
{
	"type": "Microsoft.SecurityInsights/dataConnectors",
	"apiVersion": "2022-10-01-preview",
	"name": "CiscoMerakiIDSRequest",
	"kind": "RestApiPoller",
	"properties": {
		"connectorDefinitionName": "CiscoMerakiMultiRule",
		"dataType": "ASimNetworkSessionLogs",
		"dcrConfig": {
			"streamName": "Custom-CiscoMeraki_IDS",
			"dataCollectionEndpoint": "{{dataCollectionEndpoint}}",
			"dataCollectionRuleImmutableId": "{{dataCollectionRuleImmutableId}}"
		},
		"auth": {
			"type": "APIKey",
			"ApiKey": "{{apiKey}}",
      "ApiKeyName": "X-Cisco-Meraki-API-Key"
		},
		"request": {
			"apiEndpoint": "https://api.meraki.com/api/v1/organizations/{{organization}}/appliance/security/events",
			"httpMethod": "GET",
			"queryParameters": {
				"perPage": 1000
			},
			"queryWindowInMin": 5,
			"queryTimeFormat": "UnixTimestamp",
			"startTimeAttributeName": "t0",
			"endTimeAttributeName": "t1",
			"rateLimitQps": 2,
			"retryCount": 3,
			"timeoutInSeconds": 60,
			"headers": {
				"Accept": "application/json",
        "User-Agent": "Scuba-Microsoft"
			}
		},
		"paging": {
			"pagingType": "LinkHeader",
      "linkHeaderRelLinkName":"rel=next"
		},
		"response": {
			"eventsJsonPaths": ["$"]
		}
	}
}]